ticket_id,ticket_description,category,priority,status
T001,"I'm having an issue with the {product_purchased}. Please assist.

The product is still available. Please assist. Please assist.

Notification: Please assist with this order. The package is ready to ship at 1 The issue I'm facing is intermittent. Sometimes it works fine, but other times it acts up unexpectedly.",Product inquiry,Medium,Pending Customer Response
T002,"I'm having an issue with the {product_purchased}. Please assist.

You can download the full details of this policy for Windows 10 with the installer. If you want to see all the benefits of using Windows 10, you can I've noticed a peculiar error message popping up on my {product_purchased} screen. It says '{error_message}'. What does it mean?",Billing inquiry,Critical,Pending Customer Response
T003,"I'm having an issue with the {product_purchased}. Please assist.

Add-on:

0.1x-0.2x-0.3x Available for: All

Add-on: I've performed a factory reset on my {product_purchased}, hoping it would resolve the problem, but it didn't help.",Billing inquiry,High,Closed
T004,"I'm having an issue with the {product_purchased}. Please assist. Sorry!

If you're purchasing something, use the link to redeem your purchase

if it's not already available. Click here to redeem the purchase I've noticed that the issue occurs consistently when I use a specific feature or application on my {product_purchased}.",Refund request,High,Open
T005,"I'm having an issue with the {product_purchased}. Please assist. Please tell all your friends to pick up the {product_purchased}.

1. Click the ""Store Available"" check box in the bottom right next I've followed the troubleshooting steps mentioned in the user manual, but the issue persists.",Refund request,Critical,Pending Customer Response
T006,"I'm having an issue with the {product_purchased}. Please assist. - No shipping (1 to 10 days). See details below.


Returns

All purchases placed before 13th August 2013 must be received and credited within the This problem started occurring after the recent software update. I haven't made any other changes to the device.",Product inquiry,Medium,Pending Customer Response
T007,"I'm having an issue with the {product_purchased}. Please assist.

I'm having an issue with the {product_purchased}. Please assist. I understand these issues will be reviewed in detail, and I apologize. The issue I'm facing is intermittent. Sometimes it works fine, but other times it acts up unexpectedly.",Cancellation request,Low,Open
T008,"I'm having an issue with the {product_purchased}. Please assist. It is very important to us that you understand that this order does not comply with the terms and conditions of any of our other orders

* You can order anything This problem started occurring after the recent software update. I haven't made any other changes to the device.",Technical issue,Critical,Closed
T009,"I'm facing a problem with my {product_purchased}. The {product_purchased} is not turning on. It was working fine until yesterday, but now it doesn't respond. What, is it not my {product_ I've already contacted customer support multiple times, but the issue remains unresolved.",Technical issue,Medium,Closed
T010,"I'm having an issue with the {product_purchased}. Please assist. Please be responsible. I'd love to get a refund for your order.

Was this review helpful to you? Yes (0) 100%

This I'm unable to find the option to perform the desired action in the {product_purchased}. Could you please guide me through the steps?",Cancellation request,Low,Closed
T011,"I'm having an issue with the {product_purchased}. Please assist.


The product received a {product_purchased} from Amazon to determine whether you are able to purchase it.


This Product is NOT a "" The issue I'm facing is intermittent. Sometimes it works fine, but other times it acts up unexpectedly.",Cancellation request,Low,Open
T012,"I'm having an issue with the {product_purchased}. Please assist.

* This service may expirebottle on a timely basis.

* * This service may not resolve your issue. Please contact us directly

* I've performed a factory reset on my {product_purchased}, hoping it would resolve the problem, but it didn't help.",Technical issue,Critical,Open
T013,"I'm having an issue with the {product_purchased}. Please assist.

The items within are a direct replacement for what was removed.

They can also be replaced with something else for a price at the time of the order I've tried using different cables, adapters, or peripherals with my {product_purchased}, but the issue persists.",Technical issue,Low,Closed
T014,"I'm having an issue with the {product_purchased}. Please assist.

# # {product_purchased} is the product we received last time.

# # {product_purchased} will expire on I've recently updated the firmware of my {product_purchased}, and the issue started happening afterward. Could it be related to the update?",Cancellation request,Critical,Open
T015,"I'm having an issue with the {product_purchased}. Please assist. Thanks!""

""Hm? I will not accept products from your customer service department. The products you offer are not our products."", reply reply reply ""I I've tried clearing the cache and data for the {product_purchased} app, but the issue persists.",Technical issue,Critical,Open
T016,I'm having an issue with the {product_purchased}. Please assist. I need assistance as soon as possible because it's affecting my work and productivity.,Technical issue,Critical,Closed
T017,"I'm having an issue with the {product_purchased}. Please assist. Thank you

https://www.dropbox.com/s/wpppi-q3jh1m1r/b6mj I've tried different settings and configurations on my {product_purchased}, but the issue persists.",Cancellation request,High,Open
T018,"I'm having an issue with the {product_purchased}. Please assist. Please describe what you plan to support in the purchase, the price you are willing to pay, and the item's description. This will then display the product's price I've noticed a sudden decrease in battery life on my {product_purchased}. It used to last much longer.",Refund request,Critical,Open
T019,"I'm having an issue with the {product_purchased}. Please assist.


1. Use the Search Engine instead of google. We will find what is needed and then ship the product. I will do everything in writing if it works I've noticed a sudden decrease in battery life on my {product_purchased}. It used to last much longer.",Product inquiry,Medium,Open
T020,"I'm having an issue with the {product_purchased}. Please assist.

Product ID: 0

Date of Use: 04/18/2018

format: wb

league: uk

playback I've recently updated the firmware of my {product_purchased}, and the issue started happening afterward. Could it be related to the update?",Cancellation request,Low,Open
T021,"I'm having an issue with the {product_purchased}. Please assist. (4) There are no refunds or exchanges for this item.

This item doesn't belong on this page. I've tried troubleshooting steps mentioned in the user manual, but the issue persists.",Refund request,Critical,Closed
T022,"I'm having an issue with the {product_purchased}. Please assist.
thanx: The {product_purchased} was shipped to an incorrect address

for an order that it hadn't been delivered.


Thank I've tried clearing the cache and data for the {product_purchased} app, but the issue persists.",Billing inquiry,High,Open
T023,"I'm facing issues logging into my {product_purchased} account. It says my account is locked. What should I do to unlock it? Is there a way I can force it to unlock? Please share your thoughts in the comments. I've recently updated the firmware of my {product_purchased}, and the issue started happening afterward. Could it be related to the update?",Refund request,Low,Closed
T024,"I'm having an issue with the {product_purchased}. Please assist. Please notify me if any additional issues are occurring (if not, I'll update the post). ~~~~~ # ######################################################### # The Product ID of I'm unable to find the option to perform the desired action in the {product_purchased}. Could you please guide me through the steps?",Product inquiry,High,Open
T025,"I'm having an issue with the {product_purchased}. Please assist.

If your customer orders a defective product within 30 days after placing it, we will notify them in writing of the change and provide you with an opportunity to replace I've already contacted customer support multiple times, but the issue remains unresolved.",Cancellation request,Medium,Open
T026,"I'm having an issue with the {product_purchased}. Please assist.

""But of course for everyone to have this sort of thing, this is the biggest question"" says Hochschild. ""What are those numbers? How I've followed the troubleshooting steps mentioned in the user manual, but the issue persists.",Cancellation request,Critical,Open
T027,I'm having an issue with the {product_purchased}. Please assist. This problem started occurring after the recent software update. I haven't made any other changes to the device.,Product inquiry,Low,Pending Customer Response
T028,"I'm having an issue with the {product_purchased}. Please assist. As I said, they still haven't confirmed if they do, but we know some buyers have had issues.


-C

Quote from: das I've checked for any available software updates for my {product_purchased}, but there are none.",Cancellation request,Low,Open
T029,"I'm having an issue with the {product_purchased}. Please assist.

Thank you.

{product_id}

}

}

I have had this device for about 6 months.


I I've noticed a sudden decrease in battery life on my {product_purchased}. It used to last much longer.",Refund request,Medium,Pending Customer Response
T030,"I've accidentally deleted important data from my {product_purchased}. Is there any way to recover the deleted files? I need them urgently. Thanks from the manufacturer

from the manufacturer Hi,

This has not been resolved. I'm worried that the issue might be hardware-related and might require repair or replacement.",Refund request,Critical,Closed
T031,"I'm having an issue with the {product_purchased}. Please assist. Thank you. 2) I'm starting to get a problem, so I'm posting it here. 3) Here you have the answer. It's simple, it This problem started occurring after the recent software update. I haven't made any other changes to the device.",Billing inquiry,Low,Closed
T032,"I've forgotten my password for my {product_purchased} account, and the password reset option is not working. How can I recover my account? Login with your account's username: Yes.

Your password will expire for 10 days I'm concerned about the security of my {product_purchased} and would like to ensure that my data is safe.",Billing inquiry,High,Open
T033,"I'm having an issue with the {product_purchased}. Please assist.

#8) If you spec a product that you do not sell, you've provided the vendor with an 'Exclusive Promotional Code' to claim 1 This problem started occurring after the recent software update. I haven't made any other changes to the device.",Cancellation request,Low,Pending Customer Response
T034,"I'm having an issue with the {product_purchased}. Please assist. I know our customer service has been on our to-do list for quite some time now, but, uh, we'll be doing the best we can. -- I've performed a factory reset on my {product_purchased}, hoping it would resolve the problem, but it didn't help.",Cancellation request,High,Pending Customer Response
T035,"I'm having an issue with the {product_purchased}. Please assist. — CITIZEN_ROOM #define PENDING_WIFI_REBOOTING_MODE 8

Here is an overview page for I need assistance as soon as possible because it's affecting my work and productivity.",Refund request,Critical,Open
T036,"I'm having trouble connecting my {product_purchased} to my home Wi-Fi network. It doesn't detect any networks, although other devices are connecting fine. What can be done to resolve this issue? 1) Connect the router and I've recently updated the firmware of my {product_purchased}, and the issue started happening afterward. Could it be related to the update?",Product inquiry,Low,Closed
T037,"I'm having an issue with the {product_purchased}. Please assist.

This is incorrect. After your order has been opened, its content will be removed from your account. I'm worried that the issue might be hardware-related and might require repair or replacement.",Refund request,High,Closed
T038,"I'm having an issue with the {product_purchased}. Please assist.


Thank you,

RSSfeed

I'm having an issue with the {product_purchased}. Please assist.Thank you,R I'm not sure if this issue is specific to my device or if others have reported similar problems.",Refund request,Low,Closed
T039,"I'm having an issue with the {product_purchased}. Please assist. Thanks.

4. How do you respond to feedback about products that aren't listed?

I try and avoid products on the sites that don't list I'm concerned about the security of my {product_purchased} and would like to ensure that my data is safe.",Technical issue,Medium,Closed
T040,"I'm having an issue with the {product_purchased}. Please assist.

1) Make sure you are using the highest-level product selection and have the highest sales margin of any of the products (so, we have enough margin I've already contacted customer support multiple times, but the issue remains unresolved.",Cancellation request,Medium,Pending Customer Response
T041,"I'm having an issue with the {product_purchased}. Please assist.


""As a result of using the product you agree that your request is subject to the terms of this agreement""..

You will be allowed to request I've tried different settings and configurations on my {product_purchased}, but the issue persists.",Cancellation request,Low,Pending Customer Response
T042,"I'm having an issue with the {product_purchased}. Please assist. The same issue has been seen on a number of companies, including eBay, Etsy, and other popular shops.

I'm not seeing my own products. Sorry I've noticed a sudden decrease in battery life on my {product_purchased}. It used to last much longer.",Technical issue,High,Closed
T043,"I'm having an issue with the {product_purchased}. Please assist. $5.00 shipped. Please contact me with more information. $13.00 shipped. Please contact me with additional information.

Reviews I've already contacted customer support multiple times, but the issue remains unresolved.",Billing inquiry,Medium,Open
T044,"I'm having an issue with the {product_purchased}. Please assist.

The manufacturer may have selected the right product at any time and will post price information on the store's website. Please contact Customer Service for help. I'm using the original charger that came with my {product_purchased}, but it's not charging properly.",Billing inquiry,Critical,Pending Customer Response
T045,"I'm having an issue with the {product_purchased}. Please assist.

I'm having an issue with the ""I'm not receiving my order"" error log. Please assist.

Please assist.

I'm having I've followed online tutorials and community forums to troubleshoot the issue, but no luck so far.",Refund request,Critical,Open
T046,"I'm having an issue with the {product_purchased}. Please assist. Thanks!!"" I've recently updated the firmware of my {product_purchased}, and the issue started happening afterward. Could it be related to the update?",Technical issue,High,Closed
T047,"I'm having an issue with the {product_purchased}. Please assist.

• Add it here I'm using the original charger that came with my {product_purchased}, but it's not charging properly.",Billing inquiry,High,Closed
T048,"I'm having an issue with the {product_purchased}. Please assist.

* Product is a free product for US residents only. I've performed a factory reset on my {product_purchased}, hoping it would resolve the problem, but it didn't help.",Billing inquiry,Medium,Open
T049,"I'm facing a problem with my {product_purchased}. The {product_purchased} is not turning on. It was working fine until yesterday, but now it doesn't respond. I also cannot see a product ID. My I've checked for any available software updates for my {product_purchased}, but there are none.",Refund request,Low,Closed
T050,"I've encountered a data loss issue with my {product_purchased}. All the files and documents seem to have disappeared. Can you guide me on how to retrieve them?

Please let me know to post in the comments. I'm worried that the issue might be hardware-related and might require repair or replacement.",Product inquiry,Low,Pending Customer Response
T051,"I'm having an issue with the {product_purchased}. Please assist.

#2 - The $10 voucher must not exceed $50.00, which is $3.85 worth.

#3 - The $2 The issue I'm facing is intermittent. Sometimes it works fine, but other times it acts up unexpectedly.",Product inquiry,Critical,Closed
T052,I'm having an issue with the {product_purchased}. Please assist. - This can make this issue disappear after 3 days (due to the time limit) - I have a small number of items that I want to trade that I am I need assistance as soon as possible because it's affecting my work and productivity.,Technical issue,High,Closed
T053,"I'm having an issue with the {product_purchased}. Please assist.


[20:37:22 PM] [Client thread/INFO] [PunisherPackManager]: Failed to connect to UnlockedPunisher package I've tried troubleshooting steps mentioned in the user manual, but the issue persists.",Billing inquiry,Low,Open
T054,"I'm having an issue with the {product_purchased}. Please assist. Please organis...

Dramatic

You are not logged in with a valid email address.

Post a Comment

Please confirm your name. I'm experiencing this issue on multiple devices of the same model, so it seems to be a widespread problem.",Refund request,High,Closed
T055,"I'm having an issue with the {product_purchased}. Please assist.

The product was not made with O2.

When you press F-4 in a product description, this might appear to mean that it is no I've followed the troubleshooting steps mentioned in the user manual, but the issue persists.",Product inquiry,Medium,Open
T056,"I'm having an issue with the {product_purchased}. Please assist. :/ The cart is broken as of 3:01 PM and some data are missing. A check would certainly help to confirm. To continue using the cart, please I've performed a factory reset on my {product_purchased}, hoping it would resolve the problem, but it didn't help.",Cancellation request,Critical,Open
T057,I'm having an issue with the {product_purchased}. Please assist. I've noticed a peculiar error message popping up on my {product_purchased} screen. It says '{error_message}'. What does it mean?,Refund request,Critical,Pending Customer Response
T058,"I'm having an issue with the {product_purchased}. Please assist. I know it's your fault, but I can't accept it in exchange. You're the owner of the product, and it's a free offer. If you I rely heavily on my {product_purchased} for my daily tasks, and this issue is hindering my productivity.",Product inquiry,Critical,Pending Customer Response
T059,I'm having an issue with the {product_purchased}. Please assist. You may have received a quantity less that is needed to fill your cart. Please check that your order has been shipped. Please make sure your payment method is Payment Card I'm concerned about the security of my {product_purchased} and would like to ensure that my data is safe.,Technical issue,High,Pending Customer Response
T060,"I'm facing a problem with my {product_purchased}. The {product_purchased} is not turning on. It was working fine until yesterday, but now it doesn't respond. I've tried my first 3 times to try I've checked for any available software updates for my {product_purchased}, but there are none.",Product inquiry,Critical,Closed
T061,"I'm encountering a software bug in the {product_purchased}. Whenever I try to perform a specific action, the application crashes. Are there any updates or fixes available?

Yes. You can download any update you like. However, I've noticed a sudden decrease in battery life on my {product_purchased}. It used to last much longer.",Technical issue,Low,Closed
T062,"I'm having an issue with the {product_purchased}. Please assist. I've tried clearing the cache and data for the {product_purchased} app, but the issue persists.",Product inquiry,Medium,Open
T063,"There seems to be a glitch in the {product_purchased} software. It freezes frequently, making it difficult to use. Can you please provide a solution?

If this works out for you, please provide this link in the following I'm experiencing this issue on multiple devices of the same model, so it seems to be a widespread problem.",Billing inquiry,Low,Open
T064,"I'm having an issue with the {product_purchased}. Please assist.

Product status: Sold. Please assist. I've reviewed the troubleshooting steps on the official support website, but they didn't resolve the problem.",Billing inquiry,Critical,Open
T065,"I'm having an issue with the {product_purchased}. Please assist. Thanks. #{product_purchased} {1} We've received a message claiming to be from an individual here, but we are unable to confirm who I've already contacted customer support multiple times, but the issue remains unresolved.",Billing inquiry,Critical,Closed
T066,"I'm unable to access my {product_purchased} account. It keeps displaying an 'Invalid Credentials' error, even though I'm using the correct login information. How can I regain access to my account?

You can I'm worried that the issue might be hardware-related and might require repair or replacement.",Product inquiry,Medium,Open
T067,"I'm having an issue with the {product_purchased}. Please assist.

Product purchases are sold in person at www.giftstore.com and at the participating local restaurants and bars, and are intended for a limited number of I'm using the original charger that came with my {product_purchased}, but it's not charging properly.",Cancellation request,Medium,Pending Customer Response
T068,"There seems to be a glitch in the {product_purchased} software. It freezes frequently, making it difficult to use. Can you please provide a solution?

The default settings of your game will make you fall. You may have I'm unable to find the option to perform the desired action in the {product_purchased}. Could you please guide me through the steps?",Technical issue,Low,Pending Customer Response
T069,I'm having an issue with the {product_purchased}. Please assist. {product_purchased} should not change. {product_purchased_payment} should not change. {product_purchased_product} I've noticed that the issue occurs consistently when I use a specific feature or application on my {product_purchased}.,Product inquiry,Medium,Pending Customer Response
T070,"I'm having an issue with the {product_purchased}. Please assist.

Please provide an appropriate warranty number.

Your warranty has been clearly stated.


We are making daily attempts to obtain a complete, accurate and current I've checked for any available software updates for my {product_purchased}, but there are none.",Refund request,Critical,Closed
T071,"I'm having an issue with the {product_purchased}. Please assist.

3. Go to http://mybrowsing.com/productsearch and type in {product_id}. Save any code you want. Repeat I've noticed that the issue occurs consistently when I use a specific feature or application on my {product_purchased}.",Cancellation request,Medium,Open
T072,"I'm having an issue with the {product_purchased}. Please assist.

You'll be taken to a page again with a message:


Sorry there were no changes made. Please try again earlier.

Sorry, there I've tried different settings and configurations on my {product_purchased}, but the issue persists.",Refund request,High,Open
T073,"I'm having an issue with the {product_purchased}. Please assist.

The first thing you need to do when upgrading a product is to update your repository.

git is a git remote that comes with everything you need to This problem started occurring after the recent software update. I haven't made any other changes to the device.",Technical issue,Critical,Closed
T074,"I'm having an issue with the {product_purchased}. Please assist. I've already contacted customer support multiple times, but the issue remains unresolved.",Cancellation request,Medium,Pending Customer Response
T075,"I'm having an issue with the {product_purchased}. Please assist. Otherwise, your account may be lost in the future.

I apologize for this issue. This problem started occurring after the recent software update. I haven't made any other changes to the device.",Product inquiry,Low,Pending Customer Response
T076,"I'm having an issue with the {product_purchased}. Please assist. I received a small quantity last time. Please send out more as requested.


I'm ordering 3 jars. So my main concern is: I'll need to I've already contacted customer support multiple times, but the issue remains unresolved.",Product inquiry,Medium,Pending Customer Response
T077,"I've forgotten my password for my {product_purchased} account, and the password reset option is not working. How can I recover my account?

To recover your login, choose Create Account and then confirm Password.

When I've noticed a peculiar error message popping up on my {product_purchased} screen. It says '{error_message}'. What does it mean?",Billing inquiry,Low,Closed
T078,"I'm encountering a software bug in the {product_purchased}. Whenever I try to perform a specific action, the application crashes. Are there any updates or fixes available? As far as I know, it appears that it is only the Software I need assistance as soon as possible because it's affecting my work and productivity.",Refund request,Low,Open
T079,"I'm having an issue with the {product_purchased}. Please assist.

Please help support the mission of New Advent and get the full contents of this website as an instant download. Includes the Catholic Encyclopedia, Church Fathers, Summa This problem started occurring after the recent software update. I haven't made any other changes to the device.",Product inquiry,Low,Open
T080,"I'm having an issue with the {product_purchased}. Please assist.

Thank you.

The same guy who is already selling my house and is being charged with assault, theft, and battery in my home, also has I've noticed that the issue occurs consistently when I use a specific feature or application on my {product_purchased}.",Product inquiry,Critical,Open
T081,"I'm having an issue with the {product_purchased}. Please assist.

The Product Purchase Policy on this application states: ""The product purchased is the authorized reseller and/or agent of the Authorized Retailer, whose authorization I've tried troubleshooting steps mentioned in the user manual, but the issue persists.",Billing inquiry,High,Pending Customer Response
T082,"There seems to be a hardware problem with my {product_purchased}. The screen is flickering, and I'm unable to use it. What should I do?


You have to install a game like Tomb Raider 2, and then go The issue I'm facing is intermittent. Sometimes it works fine, but other times it acts up unexpectedly.",Cancellation request,Critical,Pending Customer Response
T083,"I'm having an issue with the {product_purchased}. Please assist.

I'm getting my account locked because some payment information came back.

Please go to My Account and check this, and try to restore the data. I'm experiencing this issue on multiple devices of the same model, so it seems to be a widespread problem.",Cancellation request,High,Open
T084,"I'm having an issue with the {product_purchased}. Please assist.

Q: Why would you cancel something if it just says you only paid to be delivered, rather than say a product on a budget?

A: I'm not sure if this issue is specific to my device or if others have reported similar problems.",Technical issue,Critical,Pending Customer Response
T085,"I'm having an issue with the {product_purchased}. Please assist. I'd love if it worked for everyone.


The product ID was never displayed in the cart, was never sent the email address, and always sold out. I've noticed that the issue occurs consistently when I use a specific feature or application on my {product_purchased}.",Technical issue,Critical,Open
T086,"I'm having an issue with the {product_purchased}. Please assist. Thanks! [8:46:53] [Client thread/INFO]: Loading tweak class name cpw.mods.fml.relauncher.CoreModManager I've followed the troubleshooting steps mentioned in the user manual, but the issue persists.",Product inquiry,Critical,Closed
T087,I'm having an issue with the {product_purchased}. Please assist. I'm not sure if this issue is specific to my device or if others have reported similar problems.,Technical issue,Low,Pending Customer Response
T088,"I'm having an issue with the {product_purchased}. Please assist. (If that sounds like you, contact me.) My apologies for the confusion. It's really unfortunate that this issue has become so easy to solve for too many people This problem started occurring after the recent software update. I haven't made any other changes to the device.",Billing inquiry,Low,Closed
T089,"There seems to be a hardware problem with my {product_purchased}. The screen is flickering, and I'm unable to use it. What should I do? I'd download an OTT client that provides a more simple UI to make it I've performed a factory reset on my {product_purchased}, hoping it would resolve the problem, but it didn't help.",Technical issue,Low,Closed
T090,"I'm having an issue with the {product_purchased}. Please assist.

4.3.0 * Added a list of your favorite features

4.2.2 * Added an option to change the font size I've checked the device settings and made sure that everything is configured correctly.",Cancellation request,Medium,Closed
T091,"I'm having trouble connecting my {product_purchased} to my home Wi-Fi network. It doesn't detect any networks, although other devices are connecting fine. What can be done to resolve this issue?

Here, a quick I've checked for software updates, and my {product_purchased} is already running the latest version.",Billing inquiry,Low,Pending Customer Response
T092,"I'm having an issue with the {product_purchased}. Please assist. */

p = g-> p_main_query_input. p_data ;

if ( p % 5 == 0 && p % 10 == I've reviewed the troubleshooting steps on the official support website, but they didn't resolve the problem.",Refund request,High,Closed
T093,"I'm having an issue with the {product_purchased}. Please assist.


Do your best to get the right product for you as soon as you have purchased it from us. We can't guarantee every product will be the exact same I've noticed that the issue occurs consistently when I use a specific feature or application on my {product_purchased}.",Product inquiry,Low,Pending Customer Response
T094,"I'm having trouble connecting my {product_purchased} to my home Wi-Fi network. It doesn't detect any networks, although other devices are connecting fine. What can be done to resolve this issue? <michael_cat> I've recently updated the firmware of my {product_purchased}, and the issue started happening afterward. Could it be related to the update?",Billing inquiry,Critical,Pending Customer Response
T095,"I've noticed a software bug in the {product_purchased} app. It's causing data loss and unexpected errors. How can I resolve this issue? Simply download the data from the product.

When using {product_paid} I've tried troubleshooting steps mentioned in the user manual, but the issue persists.",Billing inquiry,Critical,Open
T096,"There seems to be a glitch in the {product_purchased} software. It freezes frequently, making it difficult to use. Can you please provide a solution?


Well, now I can offer a workaround.


Step 4. I'm worried that the issue might be hardware-related and might require repair or replacement.",Technical issue,High,Closed
T097,"I'm having trouble connecting my {product_purchased} to my home Wi-Fi network. It doesn't detect any networks, although other devices are connecting fine. What can be done to resolve this issue? To go to Settings>Network I'm concerned about the security of my {product_purchased} and would like to ensure that my data is safe.",Refund request,High,Pending Customer Response
T098,"I'm facing a problem with my {product_purchased}. The {product_purchased} is not turning on. It was working fine until yesterday, but now it doesn't respond. I'm seeing issues. I'll try again I've recently updated the firmware of my {product_purchased}, and the issue started happening afterward. Could it be related to the update?",Billing inquiry,Critical,Open
T099,"There seems to be a glitch in the {product_purchased} software. It freezes frequently, making it difficult to use. Can you please provide a solution? I would gladly give this program 100% to fix the problem....


As I rely heavily on my {product_purchased} for my daily tasks, and this issue is hindering my productivity.",Billing inquiry,Medium,Closed
T100,"I'm facing issues logging into my {product_purchased} account. It says my account is locked. What should I do to unlock it?

The answer I got in my account setup file said that my account was locked for this I've noticed that the issue occurs consistently when I use a specific feature or application on my {product_purchased}.",Refund request,Medium,Pending Customer Response
T101,"I'm having an issue with the {product_purchased}. Please assist.

We cannot understand your name, please contact us to verify.

I am only interested in your product, Please choose to create a survey or email me I'm concerned about the security of my {product_purchased} and would like to ensure that my data is safe.",Billing inquiry,High,Closed
T102,"I'm having an issue with the {product_purchased}. Please assist.

Please note that $1.95 per new order is a minimum order of $49.99.

Please see this page about purchasing your next home I've noticed a peculiar error message popping up on my {product_purchased} screen. It says '{error_message}'. What does it mean?",Billing inquiry,Critical,Open
T103,"I'm having an issue with the {product_purchased}. Please assist.

""Products that have been purchased at that time are now out of stock. Thank you for your support. The {product_purchased} will get I'm using the original charger that came with my {product_purchased}, but it's not charging properly.",Refund request,Critical,Open
T104,"I'm having an issue with the {product_purchased}. Please assist.

*

* This section describes the functionality of the {product_request.product_method}() method used by the Product Request Object. The issue I'm facing is intermittent. Sometimes it works fine, but other times it acts up unexpectedly.",Refund request,Critical,Closed
T105,"I've accidentally deleted important data from my {product_purchased}. Is there any way to recover the deleted files? I need them urgently.

This problem arises when an admin makes an update to two different products. A big ""Hey I'm not sure if this issue is specific to my device or if others have reported similar problems.",Product inquiry,High,Pending Customer Response
T106,"I'm having an issue with the {product_purchased}. Please assist. Thank you.

(9/9) – The problem does not appear to be related to the last (last sale) purchase when there is only 5 more I've tried different settings and configurations on my {product_purchased}, but the issue persists.",Refund request,Medium,Closed
T107,"I'm having an issue with the {product_purchased}. Please assist.

Thank YOU, your patience. We may not always get to the truth.

You are always welcome to add to, or remove from/from, I've followed the troubleshooting steps mentioned in the user manual, but the issue persists.",Billing inquiry,Critical,Closed
T108,"I'm having an issue with the {product_purchased}. Please assist.

It will then automatically receive the item to which it is being added, after which the transaction has been successful. It will then proceed to display the selected item I've performed a factory reset on my {product_purchased}, hoping it would resolve the problem, but it didn't help.",Cancellation request,High,Open
T109,"My {product_purchased} is making strange noises and not functioning properly. I suspect there might be a hardware issue. Can you please help me with this? It's very frustrating.

I also purchased my own computer while I was I've noticed a sudden decrease in battery life on my {product_purchased}. It used to last much longer.",Product inquiry,Medium,Pending Customer Response
T110,"I'm having an issue with the {product_purchased}. Please assist. This is a very limited product. Please consider other ways possible.

Quantity: 1 2 3 4 5 6 7 8 9 10 11 12 13 14 15 16 I'm unable to find the option to perform the desired action in the {product_purchased}. Could you please guide me through the steps?",Refund request,Low,Closed
T111,"There seems to be a glitch in the {product_purchased} software. It freezes frequently, making it difficult to use. Can you please provide a solution?

The last few hours have been a great distraction from my work since the I'm not sure if this issue is specific to my device or if others have reported similar problems.",Technical issue,Medium,Closed
T112,"I've noticed a software bug in the {product_purchased} app. It's causing data loss and unexpected errors. How can I resolve this issue? Try running the app from the command line.

Install

$ bin. I'm not sure if this issue is specific to my device or if others have reported similar problems.",Billing inquiry,Low,Open
T113,"I'm facing issues logging into my {product_purchased} account. It says my account is locked. What should I do to unlock it? (Yes, log in. No problem.) But if my {product_purchased} I'm concerned about the security of my {product_purchased} and would like to ensure that my data is safe.",Technical issue,Low,Open
T114,"I'm having an issue with the {product_purchased}. Please assist.

Product purchased: Yes, you have purchased the correct product

Last Updated: 23 May 2016

Product Status: Out Of Stock

You cannot I've noticed that the issue occurs consistently when I use a specific feature or application on my {product_purchased}.",Refund request,Medium,Pending Customer Response
T115,"I'm having an issue with the {product_purchased}. Please assist. I've performed a factory reset on my {product_purchased}, hoping it would resolve the problem, but it didn't help.",Cancellation request,Medium,Closed
T116,"I'm unable to access my {product_purchased} account. It keeps displaying an 'Invalid Credentials' error, even though I'm using the correct login information. How can I regain access to my account? All existing passwords have I've followed online tutorials and community forums to troubleshoot the issue, but no luck so far.",Refund request,Low,Open
T117,"I'm having an issue with the {product_purchased}. Please assist.

In the U.S.

C.V.A.M.U.P.A.C.H.C.

A I've checked the device settings and made sure that everything is configured correctly.",Cancellation request,Low,Open
T118,"I've recently set up my {product_purchased}, but it fails to connect to any available networks. What steps should I take to troubleshoot this issue? - You can try sending an email with code: phreak@debian I'm unable to find the option to perform the desired action in the {product_purchased}. Could you please guide me through the steps?",Cancellation request,High,Open
T119,"I've forgotten my password for my {product_purchased} account, and the password reset option is not working. How can I recover my account?

The following instructions show how to recover the account.

Step 1: Select I'm unable to find the option to perform the desired action in the {product_purchased}. Could you please guide me through the steps?",Technical issue,Medium,Closed
T120,"I'm having an issue with the {product_purchased}. Please assist.

* Update, delete, or delete this item

This Item is discontinued, or no longer available.

Please help us keep the order order current I need assistance as soon as possible because it's affecting my work and productivity.",Billing inquiry,High,Open
T121,"I'm having an issue with the {product_purchased}. Please assist. :D

RAW Paste Data

//

# ifndef __init__ #define __FILE__ ""./mhcc_common_linux I've reviewed the troubleshooting steps on the official support website, but they didn't resolve the problem.",Cancellation request,Low,Pending Customer Response
T122,"I'm having an issue with the {product_purchased}. Please assist. I've followed online tutorials and community forums to troubleshoot the issue, but no luck so far.",Product inquiry,Low,Open
T123,"I'm having an issue with the {product_purchased}. Please assist. I'm not using this product on the basis of something. I could not be bothered to put this on my personal product store, and that's why I'm not This problem started occurring after the recent software update. I haven't made any other changes to the device.",Refund request,Low,Pending Customer Response
T124,"I'm having an issue with the {product_purchased}. Please assist.

We're working on getting it up and running to our userbase! Keep in mind that there's a very small possibility that it may get stuck... I'm unable to find the option to perform the desired action in the {product_purchased}. Could you please guide me through the steps?",Refund request,Critical,Closed
T125,"I'm having an issue with the {product_purchased}. Please assist.

This item is currently unlisted from sale.

It may have been moved.

Please contact us to see if there is an available sale. I need assistance as soon as possible because it's affecting my work and productivity.",Billing inquiry,High,Open
T126,"I'm having an issue with the {product_purchased}. Please assist. We're able to use the customer code to ensure everyone is getting the best price possible.

1.13 We're happy to work on this. I'm experiencing this issue on multiple devices of the same model, so it seems to be a widespread problem.",Billing inquiry,High,Open
T127,"I'm having an issue with the {product_purchased}. Please assist.

In this event, you will see a new request that should resolve for you.

If a problem persists, the product and manufacturer message will be updated I'm unable to find the option to perform the desired action in the {product_purchased}. Could you please guide me through the steps?",Technical issue,Medium,Closed
T128,"I'm having an issue with the {product_purchased}. Please assist.

Your Name

Please fill out this field. If you're not allowed to see results, please verify your identity.

If you're not allowed I've checked the device settings and made sure that everything is configured correctly.",Refund request,Low,Closed
T129,"I'm having an issue with the {product_purchased}. Please assist. This will allow me to get more stuff. I don't have the info on this thing, so if I need it it must be the same as the ""brand The issue I'm facing is intermittent. Sometimes it works fine, but other times it acts up unexpectedly.",Product inquiry,Medium,Pending Customer Response
T130,"I'm having an issue with the {product_purchased}. Please assist.

If you have an issue while using the product, please contact us, we will be happy to help.

This product is only available directly from us I rely heavily on my {product_purchased} for my daily tasks, and this issue is hindering my productivity.",Billing inquiry,Low,Open
T131,"I'm having trouble connecting my {product_purchased} to my home Wi-Fi network. It doesn't detect any networks, although other devices are connecting fine. What can be done to resolve this issue?

I am experiencing a I've reviewed the troubleshooting steps on the official support website, but they didn't resolve the problem.",Technical issue,Low,Closed
T132,"I'm encountering a software bug in the {product_purchased}. Whenever I try to perform a specific action, the application crashes. Are there any updates or fixes available? How do I reproduce the problem? Please let me know by email I've noticed a peculiar error message popping up on my {product_purchased} screen. It says '{error_message}'. What does it mean?",Cancellation request,Medium,Open
T133,"The {product_purchased} is unable to establish a stable internet connection. It keeps disconnecting intermittently. How can I troubleshoot this network problem? - It can, with root, find the system you're using, see if I've performed a factory reset on my {product_purchased}, hoping it would resolve the problem, but it didn't help.",Product inquiry,Critical,Closed
T134,"I'm having an issue with the {product_purchased}. Please assist.

It seems from this screenshot that we can test the same feature with this:

$ curl https://gist.github.com/brianke I'm concerned about the security of my {product_purchased} and would like to ensure that my data is safe.",Refund request,Critical,Closed
T135,"I'm having an issue with the {product_purchased}. Please assist. This will reduce the total sales per week for @$40 to $46 per customer.

[Update: We've fixed this by changing $60 into $ I'm unable to find the option to perform the desired action in the {product_purchased}. Could you please guide me through the steps?",Cancellation request,Low,Open
T136,"There seems to be a hardware problem with my {product_purchased}. The screen is flickering, and I'm unable to use it. What should I do? The first steps are to try and locate a fix for the problem. (See This problem started occurring after the recent software update. I haven't made any other changes to the device.",Refund request,Medium,Pending Customer Response
T137,"I'm having an issue with the {product_purchased}. Please assist.

[07/12/2014, 1:19:23 AM] Ian Cheong: I'm a guy.

[07/12/2014, I rely heavily on my {product_purchased} for my daily tasks, and this issue is hindering my productivity.",Billing inquiry,Low,Open
T138,"I'm having an issue with the {product_purchased}. Please assist.

1.7.5 New Features

You can now make the item count in your inventory. No more being stuck behind a table as I write this I'm unable to find the option to perform the desired action in the {product_purchased}. Could you please guide me through the steps?",Product inquiry,Critical,Closed
T139,"I'm having an issue with the {product_purchased}. Please assist. - (1) The following items may not be available in your Cart: No.

Bags and Bags 0%

Get our hot and fresh I need assistance as soon as possible because it's affecting my work and productivity.",Cancellation request,Low,Open
T140,"I'm having an issue with the {product_purchased}. Please assist. # The $1.99 PLEX is a one time purchase with a purchase of 50 or more, which ends today.

Buy it now This problem started occurring after the recent software update. I haven't made any other changes to the device.",Refund request,Critical,Closed
T141,"I'm having an issue with the {product_purchased}. Please assist. I can check this out here.

A couple weeks ago I found a lot of my friends that were interested in the new product. So, I made my I've recently updated the firmware of my {product_purchased}, and the issue started happening afterward. Could it be related to the update?",Technical issue,Critical,Pending Customer Response
T142,"I'm having an issue with the {product_purchased}. Please assist. Thank you, Customer service,"" said the online shopowner.


""This is my first complaint. I'll go back to the shop, but no more! This problem started occurring after the recent software update. I haven't made any other changes to the device.",Technical issue,Medium,Pending Customer Response
T143,"I've noticed a software bug in the {product_purchased} app. It's causing data loss and unexpected errors. How can I resolve this issue?

If you have any other information or suggestions about this issue, contact our Customer I've checked the device settings and made sure that everything is configured correctly.",Technical issue,Low,Pending Customer Response
T144,"I'm having an issue with the {product_purchased}. Please assist.

• Use the ""Add me here"" dialog to update your cart on my site and to add another cart.

• Select all my other options: I've reviewed the troubleshooting steps on the official support website, but they didn't resolve the problem.",Cancellation request,Medium,Open
T145,"My {product_purchased} is making strange noises and not functioning properly. I suspect there might be a hardware issue. Can you please help me with this? Please make sure not to enter for this update until I've reached the correct status The issue I'm facing is intermittent. Sometimes it works fine, but other times it acts up unexpectedly.",Product inquiry,Low,Open
T146,"I'm encountering a software bug in the {product_purchased}. Whenever I try to perform a specific action, the application crashes. Are there any updates or fixes available?

Many bug fixes can be found in the.NET core project I've checked for any available software updates for my {product_purchased}, but there are none.",Billing inquiry,Low,Closed
T147,"I'm facing a problem with my {product_purchased}. The {product_purchased} is not turning on. It was working fine until yesterday, but now it doesn't respond. The {product_purchased} is I've noticed a sudden decrease in battery life on my {product_purchased}. It used to last much longer.",Billing inquiry,Medium,Pending Customer Response
T148,"I've recently set up my {product_purchased}, but it fails to connect to any available networks. What steps should I take to troubleshoot this issue? First and foremost, follow the steps above. Second, make sure the system I've recently updated the firmware of my {product_purchased}, and the issue started happening afterward. Could it be related to the update?",Product inquiry,High,Pending Customer Response
T149,"I've forgotten my password for my {product_purchased} account, and the password reset option is not working. How can I recover my account?

I'll post a short email about a reset. Please check my 'contact info I've performed a factory reset on my {product_purchased}, hoping it would resolve the problem, but it didn't help.",Product inquiry,High,Pending Customer Response
T150,"I'm having an issue with the {product_purchased}. Please assist.

3. If you see an error, then please try again by sending us an email: [email protected]

5. If you also receive this I've checked for software updates, and my {product_purchased} is already running the latest version.",Product inquiry,Critical,Pending Customer Response
T151,"I'm having an issue with the {product_purchased}. Please assist. Thanks. The issue I'm facing is intermittent. Sometimes it works fine, but other times it acts up unexpectedly.",Technical issue,Medium,Open
T152,"I'm having an issue with the {product_purchased}. Please assist.

<product_code>1.5</product_code>

2. In the event you don't get the name of the product that you I've already contacted customer support multiple times, but the issue remains unresolved.",Technical issue,Low,Pending Customer Response
T153,"I'm having an issue with the {product_purchased}. Please assist.


""The best products for your needs.""

- David. (The product purchase can be made as the request, just contact us and the payment level I've followed the troubleshooting steps mentioned in the user manual, but the issue persists.",Product inquiry,Critical,Closed
T154,"I'm having an issue with the {product_purchased}. Please assist. I'm using Amazon S20.com's Advertised Price List.

It doesn't work.

No help.

This page is being I've checked for any available software updates for my {product_purchased}, but there are none.",Billing inquiry,Low,Open
T155,"I'm having trouble connecting my {product_purchased} to my home Wi-Fi network. It doesn't detect any networks, although other devices are connecting fine. What can be done to resolve this issue? Connect the {product_p I'm concerned about the security of my {product_purchased} and would like to ensure that my data is safe.",Billing inquiry,High,Closed
T156,"The {product_purchased} is unable to establish a stable internet connection. It keeps disconnecting intermittently. How can I troubleshoot this network problem?

If you want to troubleshoot your firewall, you're looking to I've already contacted customer support multiple times, but the issue remains unresolved.",Cancellation request,Low,Closed
T157,"I'm having an issue with the {product_purchased}. Please assist. Thanks! https://www.winsock.com/product/3359/

[image-1b]

[image-2b] I've already contacted customer support multiple times, but the issue remains unresolved.",Technical issue,Low,Open
T158,"My {product_purchased} crashed, and I lost all the data stored on it. Is there any way to recover the lost data?

I was using a Microsoft account for the first time so I downloaded the.NET 3. I've recently updated the firmware of my {product_purchased}, and the issue started happening afterward. Could it be related to the update?",Refund request,Critical,Closed
T159,"I'm having an issue with the {product_purchased}. Please assist. Please help! Thanks! I've followed online tutorials and community forums to troubleshoot the issue, but no luck so far.",Billing inquiry,Critical,Closed
T160,I'm having an issue with the {product_purchased}. Please assist. My warranty is life limited. I recommend that you return or exchange this product for an other product. {{product_discount}} I'm not sure if this issue is specific to my device or if others have reported similar problems.,Cancellation request,Critical,Pending Customer Response
T161,"I'm having an issue with the {product_purchased}. Please assist. My #1 question is: where am I, what does this box have that is sold??

Answer to this is no issue. If you ask who the I've noticed a sudden decrease in battery life on my {product_purchased}. It used to last much longer.",Technical issue,High,Closed
T162,"I'm having an issue with the {product_purchased}. Please assist.

5. If you're still reading, please feel free to suggest new articles to @bluemos_io for ideas.

Thank you for I've noticed a sudden decrease in battery life on my {product_purchased}. It used to last much longer.",Refund request,Low,Open
T163,"I'm having an issue with the {product_purchased}. Please assist.

Thank you for your question, and may this guide help you in resolving this issue. Please add any details you may have to it. I've recently updated the firmware of my {product_purchased}, and the issue started happening afterward. Could it be related to the update?",Technical issue,Medium,Closed
T164,"I'm having an issue with the {product_purchased}. Please assist. Sorry, but this is the second time, only to have a different vendor come out to buy that particular product. You would certainly want to have your buyer contact your I'm unable to find the option to perform the desired action in the {product_purchased}. Could you please guide me through the steps?",Technical issue,Critical,Closed
T165,"My {product_purchased} is making strange noises and not functioning properly. I suspect there might be a hardware issue. Can you please help me with this? Thanks..


Bud

(1) We're sorry, this I rely heavily on my {product_purchased} for my daily tasks, and this issue is hindering my productivity.",Cancellation request,Low,Pending Customer Response
T166,"I'm having trouble connecting my {product_purchased} to my home Wi-Fi network. It doesn't detect any networks, although other devices are connecting fine. What can be done to resolve this issue? I tried using this solution: I've tried using different cables, adapters, or peripherals with my {product_purchased}, but the issue persists.",Cancellation request,Critical,Pending Customer Response
T167,"I've forgotten my password for my {product_purchased} account, and the password reset option is not working. How can I recover my account?

In case you haven't already, there is a procedure available to recover an account I've followed online tutorials and community forums to troubleshoot the issue, but no luck so far.",Product inquiry,High,Pending Customer Response
T168,"I'm having an issue with the {product_purchased}. Please assist.

Please try everything. Try this:

[$3] I've performed a factory reset on my {product_purchased}, hoping it would resolve the problem, but it didn't help.",Cancellation request,Medium,Closed
T169,"I'm having an issue with the {product_purchased}. Please assist.

Click here for additional information, such as shipping information.

Click here for further information on your warranty. I've followed the troubleshooting steps mentioned in the user manual, but the issue persists.",Technical issue,Critical,Open
T170,"I'm having an issue with the {product_purchased}. Please assist.

Please help me spread the word! I am so happy!

Let me start by saying that if my email address is incorrect, you would probably find I've recently updated the firmware of my {product_purchased}, and the issue started happening afterward. Could it be related to the update?",Cancellation request,Critical,Open
T171,"I'm having an issue with the {product_purchased}. Please assist. *Note* You can't use a Cydia update file when you are creating this update and after that, only the Cydia update with a custom name... * I've tried troubleshooting steps mentioned in the user manual, but the issue persists.",Cancellation request,High,Closed
T172,"I'm facing a problem with my {product_purchased}. The {product_purchased} is not turning on. It was working fine until yesterday, but now it doesn't respond.

If you have your {customer I need assistance as soon as possible because it's affecting my work and productivity.",Product inquiry,Low,Closed
T173,"I'm having an issue with the {product_purchased}. Please assist. I didn't put this one on my desk. I think it's something that was not there. I want a copy of the product back to my desk, and I've noticed a peculiar error message popping up on my {product_purchased} screen. It says '{error_message}'. What does it mean?",Billing inquiry,Critical,Open
T174,"I'm having an issue with the {product_purchased}. Please assist.

This item is no longer available. It may have expired or been removed. Please visit a recently closed store to see if it is available.

This I'm unable to find the option to perform the desired action in the {product_purchased}. Could you please guide me through the steps?",Cancellation request,Critical,Closed
T175,"I'm having an issue with the {product_purchased}. Please assist. I've added a new product, {id} {product_purchased}, which requires 1 sign-on time and adds an option on the right side to I'm unable to find the option to perform the desired action in the {product_purchased}. Could you please guide me through the steps?",Technical issue,Medium,Pending Customer Response
T176,"I'm having an issue with the {product_purchased}. Please assist.

Purchased from:

In the U.S.P.G. with a credit or debit card.

Last updated: 12/ This problem started occurring after the recent software update. I haven't made any other changes to the device.",Technical issue,High,Closed
T177,"I'm having an issue with the {product_purchased}. Please assist.

Q: I've added $40,000 in cash at the event. I didn't know that would have happened because the company didn't release anything on I've checked for software updates, and my {product_purchased} is already running the latest version.",Refund request,Critical,Open
T178,"I'm having trouble connecting my {product_purchased} to my home Wi-Fi network. It doesn't detect any networks, although other devices are connecting fine. What can be done to resolve this issue? 1) Remove the ""connect I've checked for software updates, and my {product_purchased} is already running the latest version.",Billing inquiry,High,Pending Customer Response
T179,"I'm having an issue with the {product_purchased}. Please assist. Thanks. Thank your. Thank you. I've performed a factory reset on my {product_purchased}, hoping it would resolve the problem, but it didn't help.",Refund request,Low,Open
T180,"I'm having an issue with the {product_purchased}. Please assist.

Your product is not currently available.

Please go back and re-download it.

[back to top]

If you see any The issue I'm facing is intermittent. Sometimes it works fine, but other times it acts up unexpectedly.",Technical issue,Medium,Open
T181,"I'm having an issue with the {product_purchased}. Please assist.

I have a $20 bill attached to my phone that I need to get changed at work. If your bill does not work, then I recommend replacing it I've reviewed the troubleshooting steps on the official support website, but they didn't resolve the problem.",Billing inquiry,Medium,Pending Customer Response
T182,"I'm facing a problem with my {product_purchased}. The {product_purchased} is not turning on. It was working fine until yesterday, but now it doesn't respond. If you try to play online, there is I've noticed a peculiar error message popping up on my {product_purchased} screen. It says '{error_message}'. What does it mean?",Cancellation request,Low,Pending Customer Response
T183,"I'm having an issue with the {product_purchased}. Please assist.

Product Name: ""Vacation""

Color: Blue

Color Code: R

Quantity: $250 / 30 Pairs The issue I'm facing is intermittent. Sometimes it works fine, but other times it acts up unexpectedly.",Refund request,Critical,Open
T184,"I'm having an issue with the {product_purchased}. Please assist. You have successfully purchased all of the products listed. Your name will appear as the name of Advance. After this message, you may need to reorder the product or I'm unable to find the option to perform the desired action in the {product_purchased}. Could you please guide me through the steps?",Refund request,Medium,Closed
T185,"I'm facing a problem with my {product_purchased}. The {product_purchased} is not turning on. It was working fine until yesterday, but now it doesn't respond. The code is running for 2 seconds."" I've checked for software updates, and my {product_purchased} is already running the latest version.",Refund request,Medium,Open
T186,"I'm having an issue with the {product_purchased}. Please assist.

I am looking for a better place to buy my iPhone.

I've ordered this product now.

Thank you for your great job! I'm unable to find the option to perform the desired action in the {product_purchased}. Could you please guide me through the steps?",Product inquiry,Medium,Open
T187,"I'm having an issue with the {product_purchased}. Please assist.

Thanks for your patience! In the meantime you can check your e-mail, Google+ or Telegram.

Thanks for reading. I've checked for software updates, and my {product_purchased} is already running the latest version.",Product inquiry,High,Closed
T188,"I'm having an issue with the {product_purchased}. Please assist. - 1 - 1 -1 -0 ""Void (2) I Love This Car, I Wanna Move It"" - 1 - 1 -1 0 3 I've noticed that the issue occurs consistently when I use a specific feature or application on my {product_purchased}.",Product inquiry,Medium,Open
T189,"I've encountered a data loss issue with my {product_purchased}. All the files and documents seem to have disappeared. Can you guide me on how to retrieve them?

If you have a ""download_metadata"" error but have I've checked for software updates, and my {product_purchased} is already running the latest version.",Product inquiry,High,Pending Customer Response
T190,"I'm having an issue with the {product_purchased}. Please assist.

0 I've already contacted customer support multiple times, but the issue remains unresolved.",Cancellation request,Critical,Pending Customer Response
T191,"I'm having an issue with the {product_purchased}. Please assist.

I'm having an issue with the {product_purchased}. Please assist. In the US the company you purchased the original from has a fee of I've followed online tutorials and community forums to troubleshoot the issue, but no luck so far.",Refund request,High,Open
T192,"I've recently set up my {product_purchased}, but it fails to connect to any available networks. What steps should I take to troubleshoot this issue? Let me know.

Update: The issue is getting on my laptop I've reviewed the troubleshooting steps on the official support website, but they didn't resolve the problem.",Technical issue,High,Open
T193,"I'm having an issue with the {product_purchased}. Please assist. Thanks in return.""

""Thanks for understanding.""

""Thank you for sharing.""

""Sorry.""

""Please do not forget. Sorry I've checked the device settings and made sure that everything is configured correctly.",Billing inquiry,High,Closed
T194,"I'm having an issue with the {product_purchased}. Please assist. If you are running into issues like this, please use the issue tracker or contact us.

This issue was created by an original member.

Forum This problem started occurring after the recent software update. I haven't made any other changes to the device.",Technical issue,Medium,Open
T195,"I'm having an issue with the {product_purchased}. Please assist. Thank you. And there is no further request.

This will be the first shipment of your products. Please bring your purchases back to us after you've shipped I've noticed a peculiar error message popping up on my {product_purchased} screen. It says '{error_message}'. What does it mean?",Cancellation request,Medium,Open
T196,"I'm having an issue with the {product_purchased}. Please assist. I'm trying to figure out which product to check.

Q: What is the current availability of your product and how many units will I be able to ship The issue I'm facing is intermittent. Sometimes it works fine, but other times it acts up unexpectedly.",Product inquiry,Low,Pending Customer Response
T197,"I'm having an issue with the {product_purchased}. Please assist.

- Support, not just the people around you - please help

- Support us at rk.com if you are having trouble with this. I've tried clearing the cache and data for the {product_purchased} app, but the issue persists.",Billing inquiry,High,Closed
T198,"I'm having an issue with the {product_purchased}. Please assist.

Please support my use of the products as directed by the author and/or others, and get to know my other customers. Thank you.

The I'm using the original charger that came with my {product_purchased}, but it's not charging properly.",Product inquiry,Medium,Pending Customer Response
T199,"I'm having an issue with the {product_purchased}. Please assist. Please update your purchase. Please, if possible, update your name on the new order page within the checkout link.

The product number (5), it may I've already contacted customer support multiple times, but the issue remains unresolved.",Technical issue,Medium,Pending Customer Response
T200,"I've noticed a software bug in the {product_purchased} app. It's causing data loss and unexpected errors. How can I resolve this issue?

To download the file, click the Download button located in the app drawer at I've already contacted customer support multiple times, but the issue remains unresolved.",Product inquiry,Critical,Closed
